,precision,recall,f1-score,support
0,0.5944333996023857,0.26880431525322146,0.3702022286421791,3337.0
1,0.7171670337313086,0.9099867627592293,0.8021522105536107,6799.0
accuracy,0.6988950276243094,0.6988950276243094,0.6988950276243094,0.6988950276243094
macro avg,0.6558002166668472,0.5893955390062253,0.5861772195978949,10136.0
weighted avg,0.6767603509088722,0.6988950276243094,0.6599445260983574,10136.0
