model,auc,average_precision
Logistic Regression,0.6615607814489809,0.7948591711134956
Random Forest,0.6970576813218359,0.8165262637196723
Gradient Boosting,0.6897519655867882,0.8115820455210696
